case,condition,selected_candidate_index,best_of_four_visual_grade,model_top_candidate_index,model_top_visual_grade
f000-T2,box-only,0,5,0,5
f000-T2,p1-body,1,5,3,5
f000-T2,p1-shaft,0,5,0,5
f000-T2,p1-cap,3,5,3,5
f000-T2,p2-body-shaft,0,5,0,5
f000-T2,p3-parts,0,5,3,5
f000-T2,p5-spread,1,5,3,5
f000-T2,p8-spread,1,5,0,4
f000-T2,p3-n1,0,5,3,5
f000-T2,p3-n3,0,5,0,5
f000-T2,p5-n3,0,5,0,5
f000-T2,p8-n3,1,5,0,4
f000-T2,p3-far3,3,5,0,4
f000-T2,points-only-p3,1,5,0,3
f000-T2,points-only-p3-n3,0,5,0,5
f000-T2,p3-wrong-positive,1,5,3,3
f000-T2,p1-body-n1,0,5,3,5
f000-T2,p2-body-shaft-n1,0,5,0,5
f000-T2,p2-body-shaft-n3,0,5,3,5
f000-T1,box-only,0,3,3,3
f000-T1,p1-body,1,4,3,3
f000-T1,p1-shaft,0,4,3,3
f000-T1,p1-cap,3,3,3,3
f000-T1,p2-body-shaft,0,4,0,4
f000-T1,p3-parts,1,4,0,3
f000-T1,p5-spread,1,4,0,3
f000-T1,p8-spread,1,3,0,2
f000-T1,p3-n1,1,4,0,4
f000-T1,p3-n3,0,4,0,4
f000-T1,p5-n3,1,4,0,3
f000-T1,p8-n3,1,3,0,3
f000-T1,p3-far3,1,3,0,3
f000-T1,points-only-p3,3,3,0,3
f000-T1,points-only-p3-n3,0,4,3,3
f000-T1,p3-wrong-positive,3,3,0,3
f000-T1,p1-body-n1,1,4,3,3
f000-T1,p2-body-shaft-n1,0,4,0,4
f000-T1,p2-body-shaft-n3,0,4,3,3
f000-fpv,box-only,0,5,0,5
f000-fpv,p1-body,3,5,3,5
f000-fpv,p1-shaft,0,5,0,5
f000-fpv,p1-cap,0,5,0,5
f000-fpv,p2-body-shaft,0,5,0,5
f000-fpv,p3-parts,0,5,0,5
f000-fpv,p5-spread,0,5,0,5
f000-fpv,p8-spread,3,5,0,4
f000-fpv,p3-n1,3,5,3,5
f000-fpv,p3-n3,3,5,3,5
f000-fpv,p5-n3,3,5,3,5
f000-fpv,p8-n3,3,5,0,3
f000-fpv,p3-far3,0,5,0,5
f000-fpv,points-only-p3,3,5,3,5
f000-fpv,points-only-p3-n3,3,5,3,5
f000-fpv,p3-wrong-positive,0,4,0,4
f000-fpv,p1-body-n1,3,5,3,5
f000-fpv,p2-body-shaft-n1,0,5,0,5
f000-fpv,p2-body-shaft-n3,3,5,3,5
f100-T2,box-only,0,3,3,3
f100-T2,p1-body,1,4,0,3
f100-T2,p1-shaft,0,3,3,3
f100-T2,p1-cap,0,3,3,3
f100-T2,p2-body-shaft,1,3,3,2
f100-T2,p3-parts,1,3,3,3
f100-T2,p5-spread,1,3,3,2
f100-T2,p8-spread,1,3,0,2
f100-T2,p3-n1,1,3,3,3
f100-T2,p3-n3,0,3,3,3
f100-T2,p5-n3,0,3,3,3
f100-T2,p8-n3,1,3,0,3
f100-T2,p3-far3,1,3,3,2
f100-T2,points-only-p3,1,3,0,3
f100-T2,points-only-p3-n3,0,3,0,3
f100-T2,p3-wrong-positive,1,3,0,2
f100-T2,p1-body-n1,1,3,3,3
f100-T2,p2-body-shaft-n1,1,3,3,3
f100-T2,p2-body-shaft-n3,0,3,3,3
f200-T4,box-only,1,3,3,2
f200-T4,p1-body,1,3,3,2
f200-T4,p1-shaft,0,3,3,2
f200-T4,p1-cap,1,3,0,2
f200-T4,p2-body-shaft,1,3,3,2
f200-T4,p3-parts,1,3,3,2
f200-T4,p5-spread,1,3,0,3
f200-T4,p8-spread,1,3,0,3
f200-T4,p3-n1,0,4,3,3
f200-T4,p3-n3,0,4,0,4
f200-T4,p5-n3,0,4,0,4
f200-T4,p8-n3,0,4,0,4
f200-T4,p3-far3,1,3,0,2
f200-T4,points-only-p3,0,4,0,4
f200-T4,points-only-p3-n3,0,4,0,4
f200-T4,p3-wrong-positive,1,3,0,2
f200-T4,p1-body-n1,0,4,3,4
f200-T4,p2-body-shaft-n1,0,4,3,4
f200-T4,p2-body-shaft-n3,0,4,0,4
f300-T3,box-only,1,4,3,2
f300-T3,p1-body,1,4,1,4
f300-T3,p1-shaft,1,4,1,4
f300-T3,p1-cap,1,3,3,2
f300-T3,p2-body-shaft,0,4,0,4
f300-T3,p3-parts,1,4,0,4
f300-T3,p5-spread,1,3,0,3
f300-T3,p8-spread,1,3,0,2
f300-T3,p3-n1,0,4,1,3
f300-T3,p3-n3,1,4,0,3
f300-T3,p5-n3,1,3,0,3
f300-T3,p8-n3,1,3,0,2
f300-T3,p3-far3,1,3,3,2
f300-T3,points-only-p3,1,3,0,3
f300-T3,points-only-p3-n3,1,3,0,3
f300-T3,p3-wrong-positive,1,3,3,2
f300-T3,p1-body-n1,1,4,1,4
f300-T3,p2-body-shaft-n1,1,4,1,4
f300-T3,p2-body-shaft-n3,1,4,1,4
f500-T1,box-only,1,4,3,2
f500-T1,p1-body,1,4,3,2
f500-T1,p1-shaft,1,4,3,2
f500-T1,p1-cap,1,3,3,2
f500-T1,p2-body-shaft,1,4,3,2
f500-T1,p3-parts,1,3,3,2
f500-T1,p5-spread,1,2,0,2
f500-T1,p8-spread,1,2,0,2
f500-T1,p3-n1,1,4,3,2
f500-T1,p3-n3,1,4,3,2
f500-T1,p5-n3,1,3,3,2
f500-T1,p8-n3,1,3,0,2
f500-T1,p3-far3,1,3,3,2
f500-T1,points-only-p3,1,3,1,3
f500-T1,points-only-p3-n3,1,4,0,3
f500-T1,p3-wrong-positive,1,2,0,2
f500-T1,p1-body-n1,0,4,0,4
f500-T1,p2-body-shaft-n1,1,4,0,4
f500-T1,p2-body-shaft-n3,1,4,0,3
